"Sample Name"	"Common Name"	"SampleNumber"	"samBaseNum"	"Genus"	"Species"	"Coordinates"	"DNA"	"Tissue"	"Date"	"Number"	"Name collector"	"Sex"	"Split"	"Country"	"Locality"	"Comments"	"Sample"
"567"	"eland"	"D2301170587"	64.9	"Taurotragus"	"oryx"	NA	"1080"	"+"	"88-12-04"	NA	NA	NA	NA	"Kenya"	"Laikipia"	"Box1"	"ToryKen_0587"
"918"	"eland"	"D2301170588"	52.42	"Taurotragus"	"oryx"	NA	"2264"	"muscle"	"94-05-02"	"LD01"	"Leon Dal"	"M"	NA	"RSA"	"Natal (Table Mt.)"	"Box1"	"ToryRSA_0588"
"951"	"eland"	"D2301170589"	75	"Taurotragus"	"oryx"	NA	"463"	"dry skin"	"94-04-20"	"BP33"	NA	NA	NA	"Namibia"	"Ovita Ranch"	"Box1"	"ToryNam_0589"
"955"	"eland"	"D2301170590"	63.86	"Taurotragus"	"oryx"	NA	"464"	"dry skin"	"94-04-20"	"BP37"	NA	NA	NA	"Namibia"	"Ovita Ranch"	"Box1"	"ToryNam_0590"
"956"	"eland"	"D2301170591"	72.98	"Taurotragus"	"oryx"	NA	"465"	"dry skin"	"94-04-20"	"BP38"	NA	NA	NA	"Namibia"	"Ovita Ranch"	"Box1"	"ToryNam_0591"
"957"	"eland"	"D2301170592"	70.58	"Taurotragus"	"oryx"	NA	NA	"dry skin"	"94-04-20"	"BP39"	NA	NA	NA	"Namibia"	"Ovita Ranch"	"Box1"	"ToryNam_0592"
"965"	"eland"	"D2301170593"	77.18	"Taurotragus"	"oryx"	NA	"2269"	"dry skin"	"94-04-21"	"BP03"	NA	NA	NA	"Namibia"	"Ovita Ranch"	"Box1"	"ToryNam_0593"
"966"	"eland"	"D2301170594"	69.52	"Taurotragus"	"oryx"	NA	"2268"	"dry skin"	"94-04-21"	"BP04"	NA	NA	NA	"Namibia"	"Ovita Ranch"	"Box1"	"ToryNam_0594"
"967"	"eland"	"D2301170595"	73.96	"Taurotragus"	"oryx"	NA	NA	"dry skin"	"94-04-21"	"BP05"	NA	NA	NA	"Namibia"	"Ovita Ranch"	"Box1"	"ToryNam_0595"
"968"	"eland"	"D2301170596"	68.08	"Taurotragus"	"oryx"	NA	"2267"	"dry skin"	"94-04-21"	"BP06"	NA	NA	NA	"Namibia"	"Ovita Ranch"	"Box1"	"ToryNam_0596"
"969"	"eland"	"D2301170597"	77.28	"Taurotragus"	"oryx"	NA	"2266"	"dry skin"	"94-04-21"	"BP07"	NA	NA	NA	"Namibia"	"Ovita Ranch"	"Box1"	"ToryNam_0597"
"970"	"eland"	"D2301170598"	74.48	"Taurotragus"	"oryx"	NA	"2263"	"dry skin"	"94-04-21"	"BP08"	NA	NA	NA	"Namibia"	"Ovita Ranch"	"Box1"	"ToryNam_0598"
"971"	"eland"	"D2301170599"	84.26	"Taurotragus"	"oryx"	NA	"2262"	"dry skin"	"94-04-21"	"BP09"	NA	NA	NA	"Namibia"	"Ovita Ranch"	"Box1"	"ToryNam_0599"
"1484"	"eland"	"D2301170727"	56.98	"Taurotragus"	"oryx"	NA	"1223"	"earnick"	"94-07-27"	"EA08"	"E.C. Anderson"	"F"	NA	"Zimbabwe"	"Nuanetsi (Zimb S.E.)"	"Box3"	"ToryZim_0727"
"1485"	"eland"	"D2301170728"	58.36	"Taurotragus"	"oryx"	NA	"7"	"earnick"	"94-07-27"	"EA09"	"E.C. Anderson"	"F"	NA	"Zimbabwe"	"Nuanetsi (Zimb S.E.)"	"Box3"	"ToryZim_0728"
"1486"	"eland"	"D2301170729"	68.28	"Taurotragus"	"oryx"	NA	"8"	"earnick"	"94-07-27"	"EA10"	"E.C. Anderson"	"F"	NA	"Zimbabwe"	"Nuanetsi (Zimb S.E.)"	"Box3"	"ToryZim_0729"
"1487"	"eland"	"D2301170730"	55.28	"Taurotragus"	"oryx"	NA	"9"	"earnick"	"94-07-27"	"EA11"	"E.C. Anderson"	"F"	NA	"Zimbabwe"	"Nuanetsi (Zimb S.E.)"	"Box3"	"ToryZim_0730"
"1488"	"eland"	"D2301170731"	57.2	"Taurotragus"	"oryx"	NA	"2244"	"earnick"	"94-07-27"	"EA12"	"E.C. Anderson"	"F"	NA	"Zimbabwe"	"Nuanetsi (Zimb S.E.)"	"Box3"	"ToryZim_0731"
"1489"	"eland"	"D2301170732"	56.28	"Taurotragus"	"oryx"	NA	"2228"	"earnick"	"94-07-27"	"EA13"	"E.C. Anderson"	"F"	NA	"Zimbabwe"	"Nuanetsi (Zimb S.E.)"	"Box3"	"ToryZim_0732"
"1490"	"eland"	"D2301170733"	50.42	"Taurotragus"	"oryx"	NA	"2218"	"earnick"	"94-07-27"	"EA14"	"E.C. Anderson"	"F"	NA	"Zimbabwe"	"Nuanetsi (Zimb S.E.)"	"Box3"	"ToryZim_0733"
"1491"	"eland"	"D2301170734"	59.96	"Taurotragus"	"oryx"	NA	"2217"	"earnick"	"94-07-27"	"EA15"	"E.C. Anderson"	"M"	NA	"Zimbabwe"	"Nuanetsi (Zimb S.E.)"	"Box3"	"ToryZim_0734"
"1492"	"eland"	"D2301170735"	55.56	"Taurotragus"	"oryx"	NA	"2203"	"earnick"	"94-07-27"	"EA16"	"E.C. Anderson"	"M"	NA	"Zimbabwe"	"Nuanetsi (Zimb S.E.)"	"Box3"	"ToryZim_0735"
"1493"	"eland"	"D2301170736"	52.52	"Taurotragus"	"oryx"	NA	"2241"	"earnick"	"94-07-27"	"EA17"	"E.C. Anderson"	"M"	NA	"Zimbabwe"	"Nuanetsi (Zimb S.E.)"	"Box3"	"ToryZim_0736"
"1494"	"eland"	"D2301170737"	70.22	"Taurotragus"	"oryx"	NA	"2204"	"earnick"	"94-07-27"	"EA18"	"E.C. Anderson"	"F"	NA	"Zimbabwe"	"Nuanetsi (Zimb S.E.)"	"Box3"	"ToryZim_0737"
"1495"	"eland"	"D2301170738"	56.26	"Taurotragus"	"oryx"	NA	"2220"	"earnick"	"94-07-27"	"EA19"	"E.C. Anderson"	"F"	NA	"Zimbabwe"	"Nuanetsi (Zimb S.E.)"	"Box3"	"ToryZim_0738"
"1496"	"eland"	"D2301170739"	62.3	"Taurotragus"	"oryx"	NA	"2233"	"earnick"	"94-07-27"	"EA20"	"E.C. Anderson"	"M"	NA	"Zimbabwe"	"Nuanetsi (Zimb S.E.)"	"Box3"	"ToryZim_0739"
"1497"	"eland"	"D2301170740"	57.98	"Taurotragus"	"oryx"	NA	"2234"	"earnick"	"94-07-27"	"EA21"	"E.C. Anderson"	"F"	NA	"Zimbabwe"	"Nuanetsi (Zimb S.E.)"	"Box3"	"ToryZim_0740"
"1498"	"eland"	"D2301170741"	57.88	"Taurotragus"	"oryx"	NA	"2223"	"earnick"	"94-07-27"	"EA22"	"E.C. Anderson"	"F"	NA	"Zimbabwe"	"Nuanetsi (Zimb S.E.)"	"Box3"	"ToryZim_0741"
"1914"	"eland"	"D2301170600"	73.36	"Taurotragus"	"oryx"	NA	"12"	"skin"	"94-06-??"	"2"	NA	"M"	"+"	"Botswana"	"Chobe"	"Box1"	"ToryBot_0600"
"1927"	"eland"	"D2301170601"	57.84	"Taurotragus"	"oryx"	NA	"13"	"skin"	"94-06-21"	NA	NA	"M"	"+"	"Botswana"	"Kazuma Forest R"	"Box1"	"ToryBot_0601"
"1932"	"eland"	"D2301170602"	65.64	"Taurotragus"	"oryx"	NA	"14"	"skin"	"94-06-??"	"26"	NA	"M"	"+"	"Botswana"	"Ghanzi Farms"	"Box1"	"ToryBot_0602"
"1962"	"eland"	"D2301170603"	75.72	"Taurotragus"	"oryx"	NA	"15"	"skin"	"94-06-??"	"32"	NA	"M"	"+"	"Botswana"	"Ghanzi Farms"	"Box1"	"ToryBot_0603"
"1997"	"eland"	"D2301170604"	63	"Taurotragus"	"oryx"	NA	"17"	"skin"	"94-06-??"	"132"	NA	"M"	NA	"Botswana"	"Ghanzi Farms"	"Box1"	"ToryBot_0604"
"2008"	"eland"	"D2301170605"	61.82	"Taurotragus"	"oryx"	NA	"18"	"skin"	"94-06-??"	"126"	NA	"M"	NA	"Botswana"	"Chobe"	"Box1"	"ToryBot_0605"
"2035"	"eland"	"D2301170606"	73.52	"Taurotragus"	"oryx"	NA	"20"	"skin"	"94-06-??"	"92"	NA	"M"	NA	"Botswana"	"Chobe"	"Box1"	"ToryBot_0606"
"2036"	"eland"	"D2301170607"	75.8	"Taurotragus"	"oryx"	NA	"21"	"skin"	"94-06-??"	"93"	NA	"M"	NA	"Botswana"	"Chobe"	"Box1"	"ToryBot_0607"
"2038"	"eland"	"D2301170608"	66.82	"Taurotragus"	"oryx"	NA	"22"	"skin"	"94-06-??"	"77"	NA	"M"	NA	"Botswana"	"Chobe"	"Box1"	"ToryBot_0608"
"2039"	"eland"	"D2301170609"	66.64	"Taurotragus"	"oryx"	NA	"23"	"skin"	"94-06-??"	"78"	NA	"M"	NA	"Botswana"	"Chobe"	"Box1"	"ToryBot_0609"
"2101"	"eland"	"D2301170610"	72.36	"Taurotragus"	"oryx"	NA	"26"	"earnick"	"95-03-29"	"PA26"	"H. Winterbach"	"M"	"+"	"Namibia"	"Waterberg"	"Box1"	"ToryNam_0610"
"2102"	"eland"	"D2301170611"	67.64	"Taurotragus"	"oryx"	NA	"27"	"earnick"	"95-03-28"	"PA27"	"H. Winterbach"	"M"	"+"	"Namibia"	"Waterberg"	"Box1"	"ToryNam_0611"
"2104"	"eland"	"D2301170612"	62.24	"Taurotragus"	"oryx"	NA	"29"	"earnick"	"95-03-29"	"PA29"	"H. Winterbach"	"M"	"+"	"Namibia"	"Waterberg"	"Box1"	"ToryNam_0612"
"2105"	"eland"	"D2301170613"	72.96	"Taurotragus"	"oryx"	NA	"30"	"earnick"	"95-03-28"	"PA30"	"H. Winterbach"	"M"	"+"	"Namibia"	"Waterberg"	"Box1"	"ToryNam_0613"
"2106"	"eland"	"D2301170614"	65.9	"Taurotragus"	"oryx"	NA	"31"	"earnick"	"95-03-29"	"PA31"	"H. Winterbach"	"M"	"+"	"Namibia"	"Waterberg"	"Box1"	"ToryNam_0614"
"2108"	"eland"	"D2301170615"	65.24	"Taurotragus"	"oryx"	NA	"33"	"earnick"	"95-03-29"	"PA33"	"H. Winterbach"	"M"	"+"	"Namibia"	"Waterberg"	"Box1"	"ToryNam_0615"
"2109"	"eland"	"D2301170616"	75.4	"Taurotragus"	"oryx"	NA	"34"	"earnick"	"95-03-29"	"PA34"	"H. Winterbach"	"M"	"+"	"Namibia"	"Waterberg"	"Box1"	"ToryNam_0616"
"2594"	"eland"	"D2301170617"	89.26	"Taurotragus"	"oryx"	NA	"36"	"dried skin"	"95-08-08"	"PA133"	"P. Arctander"	NA	NA	"Zambia"	"Chipata"	"Box1"	"ToryZam_0617"
"2668"	"eland"	"D2301170618"	83.58	"Taurotragus"	"oryx"	NA	"37"	"dried skin"	"95-08-08"	"PA134"	"P. Arctander"	NA	NA	"Zambia"	"Chipata"	"Box1"	"ToryZam_0618"
"2669"	"eland"	"D2301170619"	79.92	"Taurotragus"	"oryx"	NA	"38"	"dried skin"	"95-08-08"	"PA135"	"P. Arctander"	NA	NA	"Zambia"	"Chipata"	"Box1"	"ToryZam_0619"
"2670"	"eland"	"D2301170620"	66.72	"Taurotragus"	"oryx"	NA	"39"	"dried skin"	"95-08-08"	"PA138"	"P. Arctander"	NA	NA	"Zambia"	"Chipata"	"Box1"	"ToryZam_0620"
"2671"	"eland"	"D2301170621"	68.24	"Taurotragus"	"oryx"	NA	"40"	"dried skin"	"95-08-08"	"PA136"	"P. Arctander"	NA	NA	"Zambia"	"Chipata"	"Box1"	"ToryZam_0621"
"2672"	"eland"	"D2301170622"	84.76	"Taurotragus"	"oryx"	NA	"41"	"dried skin"	"95-08-08"	"PA137"	"P. Arctander"	NA	NA	"Zambia"	"Chipata"	"Box1"	"ToryZam_0622"
"4270"	"eland"	"D2301170623"	55.66	"Taurotragus"	"oryx"	NA	NA	"skin"	NA	"JWA8"	"David Moyer"	NA	"+"	"Tanzania"	"Burko"	"Box1"	"ToryTan_0623"
"4271"	"eland"	"D2301170624"	72.02	"Taurotragus"	"oryx"	NA	NA	"skin"	NA	"BIS27"	"David Moyer"	NA	"+"	"Tanzania"	"Burko"	"Box1"	"ToryTan_0624"
"4272"	"eland"	"D2301170625"	83.18	"Taurotragus"	"oryx"	NA	"2271"	"skin"	NA	"BJO43"	"David Moyer"	NA	"+"	"Tanzania"	"Burko"	"Box1"	"ToryTan_0625"
"4273"	"eland"	"D2301170626"	74.68	"Taurotragus"	"oryx"	NA	"2224"	"skin"	NA	"CHO17"	"David Moyer"	NA	"+"	"Tanzania"	"Rungwa"	"Box1"	"ToryTan_0626"
"4490"	"eland"	"D2301170627"	72.7	"Taurotragus"	"oryx"	NA	NA	"skin"	NA	"BSB40"	"David Moyer"	NA	"+"	"Tanzania"	"Burko"	"Box1"	"ToryTan_0627"
"4491"	"eland"	"D2301170628"	77.96	"Taurotragus"	"oryx"	NA	NA	"skin"	NA	"AHG7"	"David Moyer"	NA	"+"	"Tanzania"	"Burko"	"Box1"	"ToryTan_0628"
"4493"	"eland"	"D2301170629"	70.58	"Taurotragus"	"oryx"	NA	"2272"	"skin"	"95-09-??"	NA	"David Moyer"	NA	"+"	"Tanzania"	"Selous"	"Box1"	"ToryTan_0629"
"4589"	"eland"	"D2301170630"	71.24	"Taurotragus"	"oryx"	NA	"2274"	"skin"	NA	NA	"?"	NA	"+"	"Zambia"	"Kafue N.P. (Mulobezi)"	"Box1"	"ToryZam_0630"
"5229"	"eland"	"D2301170631"	72.44	"Taurotragus"	"oryx"	NA	"2212"	"skin"	"96-09-24"	NA	"David Moyer"	"M"	"+"	"Tanzania"	"Maswa"	"Box1"	"ToryTan_0631"
"5230"	"eland"	"D2301170632"	65.38	"Taurotragus"	"oryx"	NA	NA	"skin"	"96-10-11"	NA	"David Moyer"	"M"	"+"	"Tanzania"	"Maswa"	"Box1"	"ToryTan_0632"
"5231"	"eland"	"D2301170633"	84.88	"Taurotragus"	"oryx"	NA	"2232"	"skin"	"96-10-09"	NA	"David Moyer"	"M"	"+"	"Tanzania"	"Maswa"	"Box1"	"ToryTan_0633"
"5656"	"eland"	"D2301170634"	80.08	"Taurotragus"	"oryx"	NA	"1463"	"skin"	NA	"MP 10"	"David Moyer"	NA	"+"	"Tanzania"	"Rungwa"	"Box1"	"ToryTan_0634"
"5657"	"eland"	"D2301170635"	68.5	"Taurotragus"	"oryx"	NA	"1464"	"skin"	NA	"HA 7"	"David Moyer"	NA	"+"	"Tanzania"	"Rungwa"	"Box1"	"ToryTan_0635"
"5658"	"eland"	"D2301170636"	60.32	"Taurotragus"	"oryx"	NA	"1465"	"skin"	"97-08-08"	NA	"David Moyer"	"M"	"+"	"Tanzania"	"Kizigo"	"Box1"	"ToryTan_0636"
"5659"	"eland"	"D2301170637"	55.7	"Taurotragus"	"oryx"	NA	"1466"	"skin"	"96-10-04"	NA	"David Moyer"	"M"	"+"	"Tanzania"	"Kizigo"	"Box1"	"ToryTan_0637"
"5661"	"eland"	"D2301170638"	50.6	"Taurotragus"	"oryx"	NA	"1468"	"skin"	"97-08-16"	NA	"David Moyer"	"M"	"+"	"Tanzania"	"Maswa"	"Box1"	"ToryTan_0638"
"5662"	"eland"	"D2301170639"	59.2	"Taurotragus"	"oryx"	NA	"1469"	"skin"	"96-10-27"	NA	"David Moyer"	"M"	"+"	"Tanzania"	"Maswa"	"Box1"	"ToryTan_0639"
"5663"	"eland"	"D2301170640"	75.06	"Taurotragus"	"oryx"	NA	"1470"	"skin"	"97-07-13"	NA	"David Moyer"	"M"	"+"	"Tanzania"	"Maswa"	"Box1"	"ToryTan_0640"
"5664"	"eland"	"D2301170641"	71.46	"Taurotragus"	"oryx"	NA	"1471"	"skin"	"97-08-17"	NA	"David Moyer"	"M"	"+"	"Tanzania"	"Monduli"	"Box1"	"ToryTan_0641"
"5665"	"eland"	"D2301170642"	63.86	"Taurotragus"	"oryx"	NA	"1472"	"skin"	"97-07-03"	NA	"David Moyer"	"M"	"+"	"Tanzania"	"Monduli"	"Box1"	"ToryTan_0642"
"8390"	"eland"	"D2301170643"	65.24	"Taurotragus"	"oryx"	NA	NA	NA	NA	"SJJ 16"	NA	NA	"+"	"Tanzania"	"Rungwa"	"Box1"	"ToryTan_0643"
"8392"	"eland"	"D2301170644"	64.54	"Taurotragus"	"oryx"	NA	NA	NA	"97-08-28"	NA	NA	"M"	"+"	"Tanzania"	"Maswa"	"Box1"	"ToryTan_0644"
"8393"	"eland"	"D2301170645"	55.14	"Taurotragus"	"oryx"	NA	NA	NA	"98-01-10"	NA	NA	"M"	"+"	"Tanzania"	"Maswa"	"Box1"	"ToryTan_0645"
"8394"	"eland"	"D2301170646"	60.88	"Taurotragus"	"oryx"	NA	NA	NA	"97- 10-04"	NA	NA	"M"	"+"	"Tanzania"	"Kizigo"	"Box1"	"ToryTan_0646"
"8395"	"eland"	"D2301170647"	63.36	"Taurotragus"	"oryx"	NA	NA	NA	"97- 10-04"	NA	NA	"M"	"+"	"Tanzania"	"Kizigo"	"Box1"	"ToryTan_0647"
"8686"	"eland"	"D2301170649"	67.8	"Taurotragus"	"oryx"	NA	NA	NA	"98-07-29"	NA	NA	"M"	"+"	"Tanzania"	"Monduli"	"Box1"	"ToryTan_0649"
"8687"	"eland"	"D2301170650"	67.96	"Taurotragus"	"oryx"	NA	NA	NA	"98-08-31"	NA	NA	"M"	"+"	"Tanzania"	"Maswa"	"Box1"	"ToryTan_0650"
"8946"	"eland"	"D2301170651"	58.32	"Taurotragus"	"oryx"	"Kor. S03 12 908 E037 48 837"	NA	NA	"99-08-10"	"1811/99"	NA	"F"	"+"	"Kenya"	"Tsavo (Ziwani)"	"Box1"	"ToryKen_0651"
"9050"	"eland"	"D2301170652"	80.02	"Taurotragus"	"oryx"	"N06 07 594 E034 50 378"	"1660"	NA	"00-02-14"	"2144/00"	NA	"F"	NA	"Ethiopia"	"Omo NP"	"Box1"	"ToryEth_0652"
"9051"	"eland"	"D2301170653"	69.12	"Taurotragus"	"oryx"	"N06 000 E035 56 000"	"1661"	NA	"00-02-15"	"0"	NA	"F"	NA	"Ethiopia"	"Omo NP"	"Box1"	"ToryEth_0653"
"9052"	"eland"	"D2301170654"	63.98	"Taurotragus"	"oryx"	"N06 07 594 E034 50 378"	"1657"	NA	"00-02-14"	"2145/00"	NA	"F"	NA	"Ethiopia"	"Omo NP"	"Box1"	"ToryEth_0654"
"9053"	"eland"	"D2301170655"	64.08	"Taurotragus"	"oryx"	"N06 07 594 E034 50 378"	"1662"	NA	"00-02-14"	"2146/00"	NA	"M"	NA	"Ethiopia"	"Omo NP"	"Box1"	"ToryEth_0655"
"9076"	"eland"	"D2301170656"	63.2	"Taurotragus"	"oryx"	"Kor. S07 12 765 E035 00 733"	NA	NA	"00-01-18"	"2004/00"	NA	"M"	NA	"Tanzania"	"Ruaha central"	"Box1"	"ToryTan_0656"
"9103"	"eland"	"D2301170657"	60.4	"Taurotragus"	"oryx"	"Kor. S07 55 210 E035 10 220"	"2278"	NA	"00-01-18"	"2006/00"	NA	"F"	NA	"Tanzania"	"Ruaha central"	"Box1"	"ToryTan_0657"
"9105"	"eland"	"D2301170658"	64.04	"Taurotragus"	"oryx"	"Kor. S07 08 569 E035 03 688"	NA	NA	"00-01-18"	"2003/00"	NA	"M"	NA	"Tanzania"	"Ruaha central"	"Box1"	"ToryTan_0658"
"1909/4087"	"eland"	"D2301170948"	87.76	"Taurotragus"	"oryx"	NA	NA	NA	NA	NA	NA	NA	NA	"Kenya"	"Lac Loleit"	"Box7"	"ToryKen_0948"
"4767"	"giant eland"	"D2301170659"	66.24	"Taurotragus"	"derbianus"	NA	"10"	"skin"	"97-02-12"	NA	"Boerge Ladefoged"	"M"	NA	"Cameroun"	"Cameroun, N."	"Box1"	"TderCam_0659"
"4768"	"giant eland"	"D2301170660"	65.7	"Taurotragus"	"derbianus"	NA	"11"	"skin"	"97-01-12"	NA	"Boerge Ladefoged"	"M"	NA	"Cameroun"	"Cameroun, N."	"Box1"	"TderCam_0660"
"38221"	"giant eland"	"D2301170950"	77.02	"Taurotragus"	"derbianus"	NA	NA	NA	NA	NA	NA	NA	NA	"Chad?"	"Zoo, poss Chad"	"Box7"	"TderCha_0950"
"53998"	"giant eland"	"D2301170954"	108.74	"Taurotragus"	"derbianus"	NA	NA	NA	NA	NA	NA	NA	NA	"DRC"	"Belgian Congo"	"Box7"	"TderDRC_0954"
"81251"	"giant eland"	"D2301170955"	82.36	"Taurotragus"	"derbianus"	NA	NA	NA	NA	NA	NA	NA	NA	"South Sudan"	"Amardi (Amadi?)"	"Box7"	"TderSSu_0955"
"53449A"	"giant eland"	"D2301170956"	98.12	"Taurotragus"	"derbianus"	NA	NA	NA	NA	NA	NA	NA	NA	"DRC"	"Faradje"	"Box7"	"TderDRC_0956"
"75-33-m-4"	"giant eland"	"D2301170957"	90.1	"Taurotragus"	"derbianus"	NA	NA	NA	NA	NA	NA	NA	NA	"Chad?"	"Zoo, poss Chad"	"Box7"	"TderCha_0957"
"CAM III 149"	"giant eland"	"D2301170958"	86.42	"Taurotragus"	"derbianus"	NA	NA	NA	NA	NA	NA	NA	NA	"Cameroon?"	"CAMII"	"Box7"	"TderCam_0958"
"RC36493"	"giant eland"	"D2301170959"	50.24	"Taurotragus"	"derbianus"	NA	NA	NA	NA	NA	NA	NA	NA	"Chad?"	"Zoo, poss Chad"	"Box7"	"TderCha_0959"
"RC-76-61-m-1"	"giant eland"	"D2301170960"	95.06	"Taurotragus"	"derbianus"	NA	NA	NA	NA	NA	NA	NA	NA	"Chad?"	"Zoo, poss Chad"	"Box7"	"TderCha_0960"
"RG35722"	"giant eland"	"D2301170962"	66.58	"Taurotragus"	"derbianus"	NA	NA	NA	NA	NA	NA	NA	NA	"Chad?"	"Zoo, poss Chad"	"Box7"	"TderCha_0962"
"RG4907"	"giant eland"	"D2301170963"	117.7	"Taurotragus"	"derbianus"	NA	NA	NA	NA	NA	NA	NA	NA	"Uganda"	"-"	"Box7"	"TderUga_0963"
"RG8295"	"giant eland"	"D2301170964"	113.82	"Taurotragus"	"derbianus"	NA	NA	NA	NA	NA	NA	NA	NA	"Chad"	"-"	"Box7"	"TderCha_0964"
"Sudan I 88"	"giant eland"	"D2301170965"	99.42	"Taurotragus"	"derbianus"	NA	NA	NA	NA	NA	NA	NA	NA	"South Sudan?"	"Sudan"	"Box7"	"TderSSu_0965"
"Sudan I 90"	"giant eland"	"D2301170966"	117.86	"Taurotragus"	"derbianus"	NA	NA	NA	NA	NA	NA	NA	NA	"South Sudan?"	"Sudan"	"Box7"	"TderSSu_0966"
"1060"	"greater kudu"	"D2301170742"	69.9	"Tragelaphus"	"strepsiceros"	NA	"457"	"dry skin"	"94-05-02"	"BP20"	NA	NA	NA	"Namibia"	"Corona (Gamsberg)"	"Box3"	"TstrNam_0742"
"1061"	"greater kudu"	"D2301170743"	82.58	"Tragelaphus"	"strepsiceros"	NA	"458"	"dry skin"	"94-05-02"	"BP21"	NA	NA	NA	"Namibia"	"Corona (Gamsberg)"	"Box3"	"TstrNam_0743"
"1062"	"greater kudu"	"D2301170744"	93.04	"Tragelaphus"	"strepsiceros"	NA	"459"	"dry skin"	"94-05-02"	"BP22"	NA	NA	NA	"Namibia"	"Corona (Gamsberg)"	"Box3"	"TstrNam_0744"
"1063"	"greater kudu"	"D2301170745"	102.02	"Tragelaphus"	"strepsiceros"	NA	"460"	"dry skin"	"94-05-02"	"BP23"	NA	NA	NA	"Namibia"	"Corona (Gamsberg)"	"Box3"	"TstrNam_0745"
"1064"	"greater kudu"	"D2301170746"	104.54	"Tragelaphus"	"strepsiceros"	NA	"45"	"dry skin"	"94-05-02"	"BP24"	NA	NA	NA	"Namibia"	"Corona (Gamsberg)"	"Box3"	"TstrNam_0746"
"1065"	"greater kudu"	"D2301170747"	100.3	"Tragelaphus"	"strepsiceros"	NA	"46"	"dry skin"	"94-05-02"	"BP25"	NA	NA	NA	"Namibia"	"Corona (Gamsberg)"	"Box3"	"TstrNam_0747"
"1066"	"greater kudu"	"D2301170748"	74.16	"Tragelaphus"	"strepsiceros"	NA	"47"	"dry skin"	"94-05-02"	"BP26"	NA	NA	NA	"Namibia"	"Corona (Gamsberg)"	"Box3"	"TstrNam_0748"
"1067"	"greater kudu"	"D2301170821"	76.34	"Tragelaphus"	"strepsiceros"	NA	"48"	"dry skin"	"94-05-02"	"BP27"	NA	NA	NA	"Namibia"	"Corona (Gamsberg)"	"Box5"	"TstrNam_0821"
"1265"	"greater kudu"	"D2301170822"	73.22	"Tragelaphus"	"strepsiceros"	NA	NA	"dry skin"	"94-08-03"	"JM16"	"Joergen Madsen, KVL"	NA	NA	"Zimbabwe"	NA	"Box5"	"TstrZim_0822"
"1266"	"greater kudu"	"D2301170823"	80.52	"Tragelaphus"	"strepsiceros"	NA	NA	"dry skin"	"94-08-03"	"JM17"	"Joergen Madsen, KVL"	NA	NA	"Zimbabwe"	NA	"Box5"	"TstrZim_0823"
"1267"	"greater kudu"	"D2301170824"	71.28	"Tragelaphus"	"strepsiceros"	NA	NA	"dry skin"	"94-08-03"	"JM18"	"Joergen Madsen, KVL"	NA	NA	"Zimbabwe"	NA	"Box5"	"TstrZim_0824"
"1268"	"greater kudu"	"D2301170825"	69.78	"Tragelaphus"	"strepsiceros"	NA	NA	"dry skin"	"94-08-03"	"JM19"	"Joergen Madsen, KVL"	NA	NA	"Zimbabwe"	NA	"Box5"	"TstrZim_0825"
"1269"	"greater kudu"	"D2301170826"	59.16	"Tragelaphus"	"strepsiceros"	NA	NA	"dry skin"	"94-08-03"	"JM20"	"Joergen Madsen, KVL"	NA	NA	"Zimbabwe"	NA	"Box5"	"TstrZim_0826"
"1270"	"greater kudu"	"D2301170827"	64.66	"Tragelaphus"	"strepsiceros"	NA	NA	"dry skin"	"94-08-03"	"JM21"	"Joergen Madsen, KVL"	NA	NA	"Zimbabwe"	NA	"Box5"	"TstrZim_0827"
"1271"	"greater kudu"	"D2301170828"	69.94	"Tragelaphus"	"strepsiceros"	NA	NA	"dry skin"	"94-08-03"	"JM22"	"Joergen Madsen, KVL"	NA	NA	"Zimbabwe"	NA	"Box5"	"TstrZim_0828"
"1505"	"greater kudu"	"D2301170829"	52.4	"Tragelaphus"	"strepsiceros"	NA	"54"	"earnick"	"94-08-15"	"EA03"	"E.C. Anderson"	"F"	NA	"Zimbabwe"	"Shangani"	"Box5"	"TstrZim_0829"
"1506"	"greater kudu"	"D2301170830"	69.28	"Tragelaphus"	"strepsiceros"	NA	"55"	"earnick"	"94-08-26"	"EA02"	"E.C. Anderson"	"F"	NA	"Zimbabwe"	"Shangani"	"Box5"	"TstrZim_0830"
"1913"	"greater kudu"	"D2301170749"	96.76	"Tragelaphus"	"strepsiceros"	NA	"57"	"skin"	"94-06-??"	"3"	NA	"M"	"+"	"Botswana"	"Chobe"	"Box3"	"TstrBot_0749"
"1915"	"greater kudu"	"D2301170750"	85.76	"Tragelaphus"	"strepsiceros"	NA	NA	"skin"	"94-06-??"	"43"	NA	"M"	"+"	"Botswana"	"Okavango S."	"Box3"	"TstrBot_0750"
"1916"	"greater kudu"	"D2301170751"	83.74	"Tragelaphus"	"strepsiceros"	NA	"58"	"skin"	"94-06-??"	"9"	NA	"M"	"+"	"Botswana"	"Chobe"	"Box3"	"TstrBot_0751"
"1919"	"greater kudu"	"D2301170752"	108.04	"Tragelaphus"	"strepsiceros"	NA	"1598"	"skin"	"94-06-??"	"54"	NA	"M"	"+"	"Botswana"	"Okavango S."	"Box3"	"TstrBot_0752"
"1925"	"greater kudu"	"D2301170753"	87.96	"Tragelaphus"	"strepsiceros"	NA	NA	"skin"	"94-06-??"	"55"	NA	"M"	"+"	"Botswana"	"Okavango S."	"Box3"	"TstrBot_0753"
"1941"	"greater kudu"	"D2301170754"	76.32	"Tragelaphus"	"strepsiceros"	NA	"1599"	"skin"	"94-06-??"	"42"	NA	"M"	"+"	"Botswana"	"Okavango S."	"Box3"	"TstrBot_0754"
"1950"	"greater kudu"	"D2301170755"	89.34	"Tragelaphus"	"strepsiceros"	NA	"1600"	"skin"	"94-06-??"	"10"	NA	"M"	"+"	"Botswana"	"Okavango N."	"Box3"	"TstrBot_0755"
"1953"	"greater kudu"	"D2301170756"	78.24	"Tragelaphus"	"strepsiceros"	NA	"1601"	"skin"	"94-06-??"	"53"	NA	"M"	"+"	"Botswana"	"Okavango S."	"Box3"	"TstrBot_0756"
"1959"	"greater kudu"	"D2301170757"	84.12	"Tragelaphus"	"strepsiceros"	NA	"1224"	"skin"	"94-06-??"	"48"	NA	"M"	"+"	"Botswana"	"Okavango N."	"Box3"	"TstrBot_0757"
"2020"	"greater kudu"	"D2301170758"	78.56	"Tragelaphus"	"strepsiceros"	NA	"1606"	"skin"	"94-06-??"	"94"	NA	"M"	NA	"Botswana"	"Chobe"	"Box3"	"TstrBot_0758"
"2029"	"greater kudu"	"D2301170759"	113.32	"Tragelaphus"	"strepsiceros"	NA	"60"	"skin"	"94-06-??"	"87"	NA	"M"	NA	"Botswana"	"Chobe"	"Box3"	"TstrBot_0759"
"2044"	"greater kudu"	"D2301170760"	110.52	"Tragelaphus"	"strepsiceros"	NA	"61"	"skin"	"94-06-??"	"83"	NA	"M"	NA	"Botswana"	"Chobe"	"Box3"	"TstrBot_0760"
"2047"	"greater kudu"	"D2301170761"	69.64	"Tragelaphus"	"strepsiceros"	NA	NA	"skin"	"94-06-??"	"68"	NA	"M"	NA	"Botswana"	"Okavango S."	"Box3"	"TstrBot_0761"
"2048"	"greater kudu"	"D2301170762"	73.16	"Tragelaphus"	"strepsiceros"	NA	NA	"skin"	"94-06-??"	"69"	NA	"M"	NA	"Botswana"	"Okavango S."	"Box3"	"TstrBot_0762"
"2973"	"greater kudu"	"D2301170831"	73.98	"Tragelaphus"	"strepsiceros"	NA	"83"	"dried skin"	"95-08-13"	"PWN29"	"David Moyer"	NA	"+"	"Tanzania"	"Rungwa S."	"Box5"	"TstrTan_0831"
"2974"	"greater kudu"	"D2301170832"	79.56	"Tragelaphus"	"strepsiceros"	NA	"84"	"dried skin"	"95-07-28"	"CDR22"	"David Moyer"	NA	"+"	"Tanzania"	"Rungwa (Inyanga)"	"Box5"	"TstrTan_0832"
"2977"	"greater kudu"	"D2301170833"	73.62	"Tragelaphus"	"strepsiceros"	NA	"86"	"dried skin"	"95-08-07"	NA	"David Moyer"	"M"	"+"	"Tanzania"	"Maswa (Kimali)"	"Box5"	"TstrTan_0833"
"2978"	"greater kudu"	"D2301170834"	69.18	"Tragelaphus"	"strepsiceros"	NA	"87"	"dried skin"	"?-08-23"	"EFG13"	"David Moyer"	NA	"+"	"Tanzania"	"Maswa (Makau)"	"Box5"	"TstrTan_0834"
"2979"	"greater kudu"	"D2301170835"	76.62	"Tragelaphus"	"strepsiceros"	NA	NA	"dried skin"	"95-07-29"	"GST13"	"David Moyer"	NA	"+"	"Tanzania"	"Maswa (Makau)"	"Box5"	"TstrTan_0835"
"2980"	"greater kudu"	"D2301170836"	68.34	"Tragelaphus"	"strepsiceros"	NA	NA	"dried skin"	"95-"	"MA28"	"David Moyer"	NA	"+"	"Tanzania"	"Maswa (Makau)"	"Box5"	"TstrTan_0836"
"5639"	"greater kudu"	"D2301170837"	75.04	"Tragelaphus"	"strepsiceros"	NA	"1456"	"skin"	NA	"FLV 13"	"David Moyer"	NA	"+"	"Tanzania"	"Makau"	"Box5"	"TstrTan_0837"
"5640"	"greater kudu"	"D2301170838"	68.28	"Tragelaphus"	"strepsiceros"	NA	"1457"	"skin"	NA	"MP 18"	"David Moyer"	NA	"+"	"Tanzania"	"Burko"	"Box5"	"TstrTan_0838"
"5641"	"greater kudu"	"D2301170839"	90.28	"Tragelaphus"	"strepsiceros"	NA	"1458"	"skin"	NA	"SHB 20"	"David Moyer"	NA	"+"	"Tanzania"	"Rungwa"	"Box5"	"TstrTan_0839"
"6675"	"greater kudu"	"D2301170763"	105.8	"Tragelaphus"	"strepsiceros"	NA	"1589"	"skin"	"97-12-12"	"PA8"	NA	"F"	NA	"Kenya"	"Samburu N.P."	"Box3"	"TstrKen_0763"
"7097"	"greater kudu"	"D2301170768"	90.38	"Tragelaphus"	"strepsiceros"	NA	"2184"	NA	"97-08-01"	NA	NA	"M"	"+"	"Tanzania"	"Maswa"	"Box4"	"TstrTan_0768"
"7100"	"greater kudu"	"D2301170769"	97.74	"Tragelaphus"	"strepsiceros"	NA	"2182"	NA	NA	NA	NA	NA	"+"	"Tanzania"	"Makau"	"Box4"	"TstrTan_0769"
"7101"	"greater kudu"	"D2301170770"	104.7	"Tragelaphus"	"strepsiceros"	NA	"2177"	NA	NA	NA	NA	NA	"+"	"Tanzania"	"Burko"	"Box4"	"TstrTan_0770"
"18815"	"greater kudu"	"D2301170968"	99.3	"Tragelaphus"	"strepsiceros"	NA	NA	NA	NA	NA	NA	NA	NA	"Somalia"	"Adaleh"	"Box7"	"TstrSom_0968"
"21655"	"greater kudu"	"D2301170969"	87.82	"Tragelaphus"	"strepsiceros"	NA	NA	NA	NA	NA	NA	NA	NA	"Zimbabwe"	"Moshonaland"	"Box7"	"TstrZim_0969"
"26932"	"greater kudu"	"D2301170970"	104.2	"Tragelaphus"	"strepsiceros"	NA	NA	NA	NA	NA	NA	NA	NA	"Ethiopia"	"Bale"	"Box7"	"TstrEth_0970"
"105032"	"greater kudu"	"D2301170971"	90.34	"Tragelaphus"	"strepsiceros"	NA	NA	NA	NA	NA	NA	NA	NA	"Kenya"	"Marenlal"	"Box7"	"TstrKen_0971"
"545"	"greater kudu"	"D2301170840"	72.74	"Tragelaphus"	"strepsiceros"	NA	NA	"+"	NA	"132"	NA	"M"	NA	NA	"Kazuma"	"Box5"	"TstrNA-_0840"
"917"	"greater kudu"	"D2301170841"	91.4	"Tragelaphus"	"strepsiceros"	NA	"1082"	"muscle"	"94-04-26"	"LD02"	"Leon Dal"	"M"	NA	"RSA"	"Karoemakatiti"	"Box5"	"TstrRSA_0841"
"2526"	"greater kudu"	"D2301170842"	65.04	"Tragelaphus"	"strepsiceros"	NA	"76"	"dried skin"	"95-08-08"	"PA34"	"P. Arctander"	NA	NA	"Zambia"	"Luangwa N."	"Box5"	"TstrZam_0842"
"2531"	"greater kudu"	"D2301170843"	73.2	"Tragelaphus"	"strepsiceros"	NA	"77"	"dried skin"	"95-08-08"	"PA41"	"P. Arctander"	NA	NA	"Zambia"	"Luangwa S."	"Box5"	"TstrZam_0843"
"4130"	"greater kudu"	"D2301170844"	62.08	"Tragelaphus"	"strepsiceros"	NA	NA	"skin"	"96-07-??"	NA	"David Moyer"	"M"	"+"	"Tanzania"	"Ikiri-Rungwa"	"Box5"	"TstrTan_0844"
"4131"	"greater kudu"	"D2301170845"	65.98	"Tragelaphus"	"strepsiceros"	NA	NA	"skin"	"96-07-??"	NA	"David Moyer"	"M"	"+"	"Tanzania"	"Ikiri-Rungwa"	"Box5"	"TstrTan_0845"
"4132"	"greater kudu"	"D2301170846"	69.56	"Tragelaphus"	"strepsiceros"	NA	NA	"skin"	NA	"BJO35"	"David Moyer"	NA	"+"	"Tanzania"	"Burko"	"Box5"	"TstrTan_0846"
"4133"	"greater kudu"	"D2301170847"	63.04	"Tragelaphus"	"strepsiceros"	NA	NA	"skin"	NA	"BCA5"	"David Moyer"	NA	"+"	"Tanzania"	"Burko"	"Box5"	"TstrTan_0847"
"4210"	"greater kudu"	"D2301170771"	84.18	"Tragelaphus"	"strepsiceros"	NA	NA	"skin"	"96-07-??"	NA	"David Moyer"	"M"	"+"	"Tanzania"	"Ikiri-Rungwa"	"Box4"	"TstrTan_0771"
"4538"	"greater kudu"	"D2301170848"	81.02	"Tragelaphus"	"strepsiceros"	NA	NA	"skin"	NA	"IM30"	"David Moyer"	NA	"+"	"Tanzania"	"Burko"	"Box5"	"TstrTan_0848"
"4539"	"greater kudu"	"D2301170849"	63.46	"Tragelaphus"	"strepsiceros"	NA	NA	"skin"	NA	"GAJ36"	"David Moyer"	NA	"+"	"Tanzania"	"Burko"	"Box5"	"TstrTan_0849"
"4540"	"greater kudu"	"D2301170850"	71.78	"Tragelaphus"	"strepsiceros"	NA	NA	"skin"	"95-09-07"	NA	"David Moyer"	"M"	"+"	"Tanzania"	"Rungwa"	"Box5"	"TstrTan_0850"
"4588"	"greater kudu"	"D2301170851"	76.04	"Tragelaphus"	"strepsiceros"	NA	NA	"skin"	NA	NA	"?"	NA	"+"	"Zambia"	"Kafue N.P. (Mulobezi)"	"Box5"	"TstrZam_0851"
"8399"	"greater kudu"	"D2301170852"	71.62	"Tragelaphus"	"strepsiceros"	NA	NA	NA	"98-01-18"	NA	NA	"M"	"+"	"Tanzania"	"Monduli"	"Box5"	"TstrTan_0852"
"8400"	"greater kudu"	"D2301170853"	74.32	"Tragelaphus"	"strepsiceros"	NA	NA	NA	"98-01-20"	NA	NA	"M"	"+"	"Tanzania"	"Monduli"	"Box5"	"TstrTan_0853"
"8401"	"greater kudu"	"D2301170854"	68.96	"Tragelaphus"	"strepsiceros"	NA	NA	NA	"97-10-01"	NA	NA	"M"	"+"	"Tanzania"	"Monduli"	"Box5"	"TstrTan_0854"
"9354"	"greater kudu"	"D2301170855"	84.74	"Tragelaphus"	"strepsiceros"	NA	"2281"	"Faeces"	"37957"	NA	"Henrik B. Rasmussen"	NA	NA	"Kenya"	"Samburu"	"Box5"	"TstrKen_0855"
"9355"	"greater kudu"	"D2301170856"	74.96	"Tragelaphus"	"strepsiceros"	NA	"2282"	"Faeces"	"37957"	NA	"Henrik B. Rasmussen"	NA	NA	"Kenya"	"Samburu"	"Box5"	"TstrKen_0856"
"9356"	"greater kudu"	"D2301170857"	66.68	"Tragelaphus"	"strepsiceros"	NA	"2283"	"Faeces"	"37957"	NA	"Henrik B. Rasmussen"	NA	NA	"Kenya"	"Samburu"	"Box5"	"TstrKen_0857"
"9357"	"greater kudu"	"D2301170858"	70.54	"Tragelaphus"	"strepsiceros"	NA	"2284"	"Faeces"	"37957"	NA	"Henrik B. Rasmussen"	"F"	NA	"Kenya"	"Samburu"	"Box5"	"TstrKen_0858"
"9358"	"greater kudu"	"D2301170859"	77.08	"Tragelaphus"	"strepsiceros"	NA	"2285"	"Faeces"	"37957"	NA	"Henrik B. Rasmussen"	"F"	NA	"Kenya"	"Samburu"	"Box5"	"TstrKen_0859"
"23"	"lesser kudu"	"D2301170905"	57.66	"Tragelaphus"	"imberbis"	NA	NA	NA	NA	NA	NA	NA	NA	"Abys."	"-"	"Box7"	"TimbAby_0905"
"24"	"lesser kudu"	"D2301170973"	98.84	"Tragelaphus"	"imberbis"	NA	NA	NA	NA	NA	NA	NA	NA	"Abys."	"-"	"Box7"	"TimbAby_0973"
"29"	"lesser kudu"	"D2301170974"	123.38	"Tragelaphus"	"imberbis"	NA	NA	NA	NA	NA	NA	NA	NA	"Abys."	"-"	"Box7"	"TimbAby_0974"
"33"	"lesser kudu"	"D2301170976"	98.82	"Tragelaphus"	"imberbis"	NA	NA	NA	NA	NA	NA	NA	NA	"Abys."	"-"	"Box7"	"TimbAby_0976"
"50"	"lesser kudu"	"D2301170977"	108.56	"Tragelaphus"	"imberbis"	NA	NA	NA	NA	NA	NA	NA	NA	"Somalia"	"Jubaland"	"Box7"	"TimbSom_0977"
"78"	"lesser kudu"	"D2301170978"	85.78	"Tragelaphus"	"imberbis"	NA	NA	NA	NA	NA	NA	NA	NA	"Somalia"	"Jubaland"	"Box7"	"TimbSom_0978"
"95"	"lesser kudu"	"D2301170980"	109.3	"Tragelaphus"	"imberbis"	NA	NA	NA	NA	NA	NA	NA	NA	"Somalia"	"Jubaland"	"Box7"	"TimbSom_0980"
"97"	"lesser kudu"	"D2301170981"	87.64	"Tragelaphus"	"imberbis"	NA	NA	NA	NA	NA	NA	NA	NA	"Somalia"	"Jubaland"	"Box7"	"TimbSom_0981"
"100"	"lesser kudu"	"D2301170982"	86.92	"Tragelaphus"	"imberbis"	NA	NA	NA	NA	NA	NA	NA	NA	"Somalia"	"Jubaland"	"Box7"	"TimbSom_0982"
"339"	"lesser kudu"	"D2301170983"	78.4	"Tragelaphus"	"imberbis"	NA	NA	NA	NA	NA	NA	NA	NA	"Uganda"	"-"	"Box7"	"TimbUga_0983"
"340"	"lesser kudu"	"D2301170984"	86.32	"Tragelaphus"	"imberbis"	NA	NA	NA	NA	NA	NA	NA	NA	"Uganda"	"-"	"Box7"	"TimbUga_0984"
"346"	"lesser kudu"	"D2301170985"	107.08	"Tragelaphus"	"imberbis"	NA	NA	NA	NA	NA	NA	NA	NA	"Uganda"	"-"	"Box7"	"TimbUga_0985"
"421"	"lesser kudu"	"D2301170986"	94.46	"Tragelaphus"	"imberbis"	NA	NA	NA	NA	NA	NA	NA	NA	"Uganda"	"-"	"Box7"	"TimbUga_0986"
"1416"	"lesser kudu"	"D2301170987"	76.06	"Tragelaphus"	"imberbis"	NA	NA	NA	NA	NA	NA	NA	NA	"Kenya"	"Mandera, Somaliland"	"Box7"	"TimbKen_0987"
"1423"	"lesser kudu"	"D2301170988"	81.26	"Tragelaphus"	"imberbis"	NA	NA	NA	NA	NA	NA	NA	NA	"Somalia"	"Hargeisa, Somaliland"	"Box7"	"TimbSom_0988"
"3822"	"lesser kudu"	"D2301170784"	92.58	"Tragelaphus"	"imberbis"	NA	NA	"skin"	NA	"DBH10"	"David Moyer"	NA	"+"	"Tanzania"	"Burko"	"Box4"	"TimbTan_0784"
"3823"	"lesser kudu"	"D2301170785"	82.46	"Tragelaphus"	"imberbis"	NA	NA	"skin"	NA	"WBE2"	"David Moyer"	NA	"+"	"Tanzania"	"Burko"	"Box4"	"TimbTan_0785"
"3824"	"lesser kudu"	"D2301170786"	91.64	"Tragelaphus"	"imberbis"	NA	NA	"skin"	"96-07-29"	NA	"David Moyer"	"M"	"+"	"Tanzania"	"Monduli"	"Box4"	"TimbTan_0786"
"3825"	"lesser kudu"	"D2301170787"	87.36	"Tragelaphus"	"imberbis"	NA	NA	"skin"	NA	"JWA6"	"David Moyer"	NA	"+"	"Tanzania"	"Burko"	"Box4"	"TimbTan_0787"
"3826"	"lesser kudu"	"D2301170788"	88.62	"Tragelaphus"	"imberbis"	NA	NA	"skin"	NA	"BIS51"	"David Moyer"	NA	"+"	"Tanzania"	"Burko"	"Box4"	"TimbTan_0788"
"3827"	"lesser kudu"	"D2301170789"	78.14	"Tragelaphus"	"imberbis"	NA	NA	"skin"	"96-07-05"	NA	"David Moyer"	"M"	"+"	"Tanzania"	"Monduli"	"Box4"	"TimbTan_0789"
"3829"	"lesser kudu"	"D2301170790"	86.84	"Tragelaphus"	"imberbis"	NA	NA	"skin"	NA	"MAN33"	"David Moyer"	NA	"+"	"Tanzania"	"Burko"	"Box4"	"TimbTan_0790"
"3830"	"lesser kudu"	"D2301170791"	88.72	"Tragelaphus"	"imberbis"	NA	NA	"skin"	"96-07-03"	NA	"David Moyer"	"M"	"+"	"Tanzania"	"Monduli"	"Box4"	"TimbTan_0791"
"3831"	"lesser kudu"	"D2301170792"	105.14	"Tragelaphus"	"imberbis"	NA	NA	"skin"	"96-07-03"	NA	"David Moyer"	"M"	"+"	"Tanzania"	"Monduli"	"Box4"	"TimbTan_0792"
"3895"	"lesser kudu"	"D2301170793"	73.96	"Tragelaphus"	"imberbis"	NA	NA	"skin"	NA	"GAJ38"	"David Moyer"	NA	"+"	"Tanzania"	"Burko"	"Box4"	"TimbTan_0793"
"3896"	"lesser kudu"	"D2301170794"	66.66	"Tragelaphus"	"imberbis"	NA	NA	"skin"	NA	"BSB51"	"David Moyer"	NA	"+"	"Tanzania"	"Burko"	"Box4"	"TimbTan_0794"
"3897"	"lesser kudu"	"D2301170795"	87.08	"Tragelaphus"	"imberbis"	NA	NA	"skin"	NA	"TZN, IM18"	"David Moyer"	NA	"+"	"Tanzania"	"Burko"	"Box4"	"TimbTan_0795"
"3904"	"lesser kudu"	"D2301170796"	79.08	"Tragelaphus"	"imberbis"	NA	NA	"skin"	"96-03-06"	NA	"David Moyer"	"M"	"+"	"Tanzania"	"Monduli"	"Box4"	"TimbTan_0796"
"4211"	"lesser kudu"	"D2301170797"	67.06	"Tragelaphus"	"imberbis"	NA	NA	"skin"	"96-07-??"	NA	"David Moyer"	"M"	"+"	"Tanzania"	"Ikiri-Rungwa"	"Box4"	"TimbTan_0797"
"4212"	"lesser kudu"	"D2301170798"	66.62	"Tragelaphus"	"imberbis"	NA	NA	"skin"	"96-07-??"	NA	"David Moyer"	"M"	"+"	"Tanzania"	"Ikiri-Rungwa"	"Box4"	"TimbTan_0798"
"4213"	"lesser kudu"	"D2301170799"	68.5	"Tragelaphus"	"imberbis"	NA	NA	"skin"	NA	"SJH11"	"David Moyer"	NA	"+"	"Tanzania"	"Burko"	"Box4"	"TimbTan_0799"
"4214"	"lesser kudu"	"D2301170800"	71.48	"Tragelaphus"	"imberbis"	NA	NA	"skin"	NA	"WBE3"	"David Moyer"	NA	"+"	"Tanzania"	"Burko"	"Box4"	"TimbTan_0800"
"4215"	"lesser kudu"	"D2301170801"	73.42	"Tragelaphus"	"imberbis"	NA	NA	"skin"	NA	"BJO39"	"David Moyer"	NA	"+"	"Tanzania"	"Burko"	"Box4"	"TimbTan_0801"
"4216"	"lesser kudu"	"D2301170802"	75.92	"Tragelaphus"	"imberbis"	NA	NA	"skin"	"96-08-12"	NA	"David Moyer"	"M"	"+"	"Tanzania"	"Monduli"	"Box4"	"TimbTan_0802"
"4217"	"lesser kudu"	"D2301170803"	78.34	"Tragelaphus"	"imberbis"	NA	NA	"skin"	"96-09-10"	NA	"David Moyer"	"M"	"+"	"Tanzania"	"Monduli"	"Box4"	"TimbTan_0803"
"5224"	"lesser kudu"	"D2301170804"	94.46	"Tragelaphus"	"imberbis"	NA	NA	"skin"	"96-10-15"	NA	"David Moyer"	"M"	"+"	"Tanzania"	"Monduli"	"Box4"	"TimbTan_0804"
"5225"	"lesser kudu"	"D2301170805"	84.76	"Tragelaphus"	"imberbis"	NA	NA	"skin"	"96-07-21"	NA	"David Moyer"	"M"	"+"	"Tanzania"	"Monduli"	"Box4"	"TimbTan_0805"
"5666"	"lesser kudu"	"D2301170806"	85.16	"Tragelaphus"	"imberbis"	NA	"1473"	"skin"	"97-07-06"	NA	"David Moyer"	"M"	"+"	"Tanzania"	"Monduli"	"Box4"	"TimbTan_0806"
"5667"	"lesser kudu"	"D2301170807"	70.62	"Tragelaphus"	"imberbis"	NA	"1474"	"skin"	"97-08-05"	NA	"David Moyer"	"M"	"+"	"Tanzania"	"Monduli"	"Box4"	"TimbTan_0807"
"5668"	"lesser kudu"	"D2301170808"	60.72	"Tragelaphus"	"imberbis"	NA	"1475"	"skin"	"97-08-10"	NA	"David Moyer"	"M"	"+"	"Tanzania"	"Monduli"	"Box4"	"TimbTan_0808"
"5672"	"lesser kudu"	"D2301170809"	83.88	"Tragelaphus"	"imberbis"	NA	"1479"	"skin"	NA	"SMP 9"	"David Moyer"	NA	"+"	"Tanzania"	"Burko"	"Box4"	"TimbTan_0809"
"5673"	"lesser kudu"	"D2301170810"	74.1	"Tragelaphus"	"imberbis"	NA	"1480"	"skin"	NA	"SJH 9"	"David Moyer"	NA	"+"	"Tanzania"	"Burko"	"Box4"	"TimbTan_0810"
"8900"	"lesser kudu"	"D2301170811"	69.24	"Tragelaphus"	"imberbis"	"Kor. S03 03 000 E038 43 000"	NA	NA	"99-11-04"	"1970/99"	NA	"M"	"+"	"Kenya"	"Tsavo West (Galdessa)"	"Box4"	"TimbKen_0811"
"8906"	"lesser kudu"	"D2301170812"	64.42	"Tragelaphus"	"imberbis"	"Kor. S02 20 000 E038 30 000"	NA	NA	"99-11-01"	"1959/99"	NA	"M"	"+"	"Kenya"	"Tiva (Ithumba)"	"Box4"	"TimbKen_0812"
"8915"	"lesser kudu"	"D2301170813"	88.26	"Tragelaphus"	"imberbis"	"Kor. S02 20 000 E038 30 000"	NA	NA	"99-09-25"	"1879/99"	NA	"M"	"+"	"Kenya"	"Ijara (Ithumba 1)"	"Box4"	"TimbKen_0813"
"8921"	"lesser kudu"	"D2301170814"	65.46	"Tragelaphus"	"imberbis"	"Kor. S01 31 000 E040 37 000"	NA	NA	"99-10-02"	"1888/99"	NA	"M"	"+"	"Kenya"	"Sangole"	"Box4"	"TimbKen_0814"
"8924"	"lesser kudu"	"D2301170815"	81.6	"Tragelaphus"	"imberbis"	"Kor. S02 18 000 E038 27 000"	NA	NA	"99-11-02"	"1961/99"	NA	"M"	"+"	"Kenya"	"Tiva (Ithumba 3)"	"Box4"	"TimbKen_0815"
"8952"	"lesser kudu"	"D2301170816"	71.34	"Tragelaphus"	"imberbis"	"Kor. S02 22 356 E038 28 584"	NA	NA	"99-11-02"	"1960/99"	NA	"F"	"+"	"Kenya"	"Tiva (Ithumba)"	"Box4"	"TimbKen_0816"
"8955"	"lesser kudu"	"D2301170817"	70.78	"Tragelaphus"	"imberbis"	"Kor. S01 29 000 E040 30 000"	NA	NA	"99-10-02"	"1893/99"	NA	"M"	"+"	"Kenya"	"Shebo"	"Box4"	"TimbKen_0817"
"8982"	"lesser kudu"	"D2301170818"	79.46	"Tragelaphus"	"imberbis"	NA	NA	NA	NA	"No 114"	NA	NA	"+"	"Tanzania"	"Ugalla"	"Box4"	"TimbTan_0818"
"9112"	"lesser kudu"	"D2301170860"	62.98	"Tragelaphus"	"imberbis"	"Kor. N05 09 000 E036 12 000"	NA	NA	"00-02-12"	"2167/00"	NA	"M"	NA	"Ethiopia"	"Murulle"	"Box5"	"TimbEth_0860"
"9113"	"lesser kudu"	"D2301170861"	60.36	"Tragelaphus"	"imberbis"	"Kor. N05 09 000 E036 12 000"	NA	NA	"00-02-12"	"2143/00"	NA	"M"	NA	"Ethiopia"	"Murulle"	"Box5"	"TimbEth_0861"
"9114"	"lesser kudu"	"D2301170862"	64.28	"Tragelaphus"	"imberbis"	NA	NA	NA	"00-02-12"	"2141/00"	NA	"M"	NA	"Ethiopia"	"Omo Murulle"	"Box5"	"TimbEth_0862"
"26933"	"lesser kudu"	"D2301170989"	101.06	"Tragelaphus"	"imberbis"	NA	NA	NA	NA	NA	NA	NA	NA	"Ethiopia"	"Bale"	"Box7"	"TimbEth_0989"
"26934"	"lesser kudu"	"D2301170990"	76.22	"Tragelaphus"	"imberbis"	NA	NA	NA	NA	NA	NA	NA	NA	"Ethiopia"	"Bale"	"Box7"	"TimbEth_0990"
"26935"	"lesser kudu"	"D2301170991"	109.98	"Tragelaphus"	"imberbis"	NA	NA	NA	NA	NA	NA	NA	NA	"Ethiopia"	"Bale"	"Box7"	"TimbEth_0991"
"26937"	"lesser kudu"	"D2301170993"	116.88	"Tragelaphus"	"imberbis"	NA	NA	NA	NA	NA	NA	NA	NA	"Ethiopia"	"Awash (Shoa?)"	"Box7"	"TimbEth_0993"
"543"	"lesser kudu"	"D2301170820"	58.9	"Tragelaphus"	"imberbis"	NA	"1604"	"heart"	NA	"52"	NA	NA	NA	"Tanzania"	"Ruvu"	"Box4"	"TimbTan_0820"
"9115"	"mountain nyala"	"D2301170863"	65.62	"Tragelaphus"	"buxtoni"	"Kor. N06 58 000 E039 50 000"	NA	NA	"00-02-20"	"2105/00"	NA	"F"	NA	"Ethiopia"	"Bale MNP"	"Box5"	"TbuxEth_0863"
"9116"	"mountain nyala"	"D2301170864"	73.46	"Tragelaphus"	"buxtoni"	"Kor. N06 58 000 E039 50 000"	NA	NA	"00-02-20"	"2107/00"	NA	"F"	NA	"Ethiopia"	"Bale MNP"	"Box5"	"TbuxEth_0864"
"9117"	"mountain nyala"	"D2301170865"	83.28	"Tragelaphus"	"buxtoni"	"Kor. N06 58 000 E039 50 000"	NA	NA	"00-02-20"	"2104/00"	NA	"M"	NA	"Ethiopia"	"Bale MNP"	"Box5"	"TbuxEth_0865"
"9118"	"mountain nyala"	"D2301170866"	66.28	"Tragelaphus"	"buxtoni"	"Kor. N06 58 000 E039 50 000"	NA	NA	"00-02-20"	"2106/00"	NA	"F"	NA	"Ethiopia"	"Bale MNP"	"Box5"	"TbuxEth_0866"
"81014"	"mountain nyala"	"D2301170996"	89.44	"Tragelaphus"	"buxtoni"	NA	NA	NA	NA	NA	NA	NA	NA	"Ethiopia"	"Mount Kaka, Arussi"	"Box7"	"TbuxEth_0996"
"220"	"nyala"	"D2301171009"	90.56	"Syncerus"	"caffer"	NA	"739"	"+"	"88-12-??"	"3"	NA	NA	"+"	"Kenya"	"Laikipia"	"Box7"	"ScafKen_1009"
"227"	"nyala"	"D2301171010"	114.14	"Syncerus"	"caffer"	NA	"645"	"-"	NA	"A 04"	NA	NA	NA	"Kenya"	"Masai Mara"	"Box7"	"ScafKen_1010"
"247"	"nyala"	"D2301171003"	91.82	"Syncerus"	"caffer"	NA	NA	NA	NA	NA	NA	NA	NA	"-"	"-"	"Box7"	"ScafNA-_1003"
"256"	"nyala"	"D2301171004"	89.4	"Syncerus"	"caffer"	NA	NA	NA	NA	NA	NA	NA	NA	"-"	"-"	"Box7"	"ScafNA-_1004"
"54078"	"nyala"	"D2301171006"	124.8	"Syncerus"	"caffer"	NA	NA	NA	NA	NA	NA	NA	NA	"RSA"	"PEA, LM, Matope, Usutur (?)"	"Box7"	"ScafRSA_1006"
"1923"	"sitatunga"	"D2301170867"	64.16	"Tragelaphus"	"spekei"	NA	"1740"	"skin"	"94-06-??"	"8"	NA	"M"	"+"	"Sitatunga"	"Okavango"	"Box5"	"TspeBot_0867"
"1952"	"sitatunga"	"D2301170868"	76.5	"Tragelaphus"	"spekei"	NA	"1739"	"skin"	"94-06-??"	"17"	NA	"M"	"+"	"Botswana"	"Okavango"	"Box5"	"TspeBot_0868"
"1964"	"sitatunga"	"D2301170869"	69.64	"Tragelaphus"	"spekei"	NA	"1738"	"skin"	"94-06-??"	"4"	NA	"M"	"+"	"Botswana"	"Okavango"	"Box5"	"TspeBot_0869"
"1976"	"sitatunga"	"D2301170870"	65.26	"Tragelaphus"	"spekei"	NA	"1737"	"skin"	"94-06-??"	"13"	NA	"M"	NA	"Botswana"	"Okavango"	"Box5"	"TspeBot_0870"
"2548"	"sitatunga"	"D2301170871"	86.1	"Tragelaphus"	"spekei"	NA	"1733"	"dried skin"	"95-08-08"	"PA08"	"P. Arctander"	NA	NA	"Zambia"	"Bangweulu"	"Box5"	"TspeZam_0871"
"3341"	"sitatunga"	"D2301170872"	89.52	"Tragelaphus"	"spekei"	NA	NA	"dried skin"	"95-08-31"	"BOA35"	"David Moyer"	NA	"+"	"Tanzania"	"Niensi"	"Box5"	"TspeTan_0872"
"3344"	"sitatunga"	"D2301170873"	81.56	"Tragelaphus"	"spekei"	NA	NA	"dried skin"	"95-08-10"	NA	"David Moyer"	"M"	"+"	"Tanzania"	"Kigosi"	"Box5"	"TspeTan_0873"
"3346"	"sitatunga"	"D2301170874"	74.48	"Tragelaphus"	"spekei"	NA	NA	"dried skin"	"95-08-23"	NA	"David Moyer"	"M"	"+"	"Tanzania"	"Kigosi"	"Box5"	"TspeTan_0874"
"4288"	"sitatunga"	"D2301170875"	64.82	"Tragelaphus"	"spekei"	NA	"1736"	"skin"	"96-07-11"	NA	"David Moyer"	"M"	"+"	"Tanzania"	"Kigosi"	"Box5"	"TspeTan_0875"
"4289"	"sitatunga"	"D2301170876"	67.8	"Tragelaphus"	"spekei"	NA	NA	"skin"	NA	"BJO12"	"David Moyer"	NA	"+"	"Tanzania"	"Luganzo"	"Box5"	"TspeTan_0876"
"4290"	"sitatunga"	"D2301170877"	65.02	"Tragelaphus"	"spekei"	NA	NA	"skin"	NA	"BST15"	"David Moyer"	NA	"+"	"Tanzania"	"Niensi"	"Box5"	"TspeTan_0877"
"4291"	"sitatunga"	"D2301170878"	75.98	"Tragelaphus"	"spekei"	NA	NA	"skin"	NA	"CLO26"	"David Moyer"	NA	"+"	"Tanzania"	"Niensi"	"Box5"	"TspeTan_0878"
"4310"	"sitatunga"	"D2301170879"	76.14	"Tragelaphus"	"spekei"	NA	NA	"skin"	"94-??-??"	"WG6"	"David Moyer"	NA	"+"	"Tanzania"	"Kigosi"	"Box5"	"TspeTan_0879"
"5676"	"sitatunga"	"D2301170881"	82.7	"Tragelaphus"	"spekei"	NA	NA	"skin"	"97-08-27"	NA	"David Moyer"	NA	"+"	"Tanzania"	"Kigosi"	"Box5"	"TspeTan_0881"
"8405"	"sitatunga"	"D2301170883"	97.66	"Tragelaphus"	"spekei"	NA	NA	NA	"97-10-22"	NA	NA	"M"	"+"	"Tanzania"	"Kigosi"	"Box5"	"TspeTan_0883"
"8674"	"sitatunga"	"D2301170884"	95.48	"Tragelaphus"	"spekei"	NA	NA	NA	"98-08-08"	NA	NA	"M"	"+"	"Tanzania"	"Kigozi"	"Box5"	"TspeTan_0884"
"8675"	"sitatunga"	"D2301170885"	84.3	"Tragelaphus"	"spekei"	NA	NA	NA	"98-08-26"	NA	NA	"M"	"+"	"Tanzania"	"Kigozi"	"Box5"	"TspeTan_0885"
"8984"	"sitatunga"	"D2301170886"	74.08	"Tragelaphus"	"spekei"	NA	NA	NA	NA	"No 114"	NA	NA	"+"	"Tanzania"	"Ugalla"	"Box5"	"TspeTan_0886"
"9197"	"sitatunga"	"D2301170887"	69.72	"Tragelaphus"	"spekei"	NA	"2141"	NA	"99-06-??"	NA	"John Mason"	"F"	NA	"Ghana"	NA	"Box5"	"TspeGha_0887"
"9198"	"sitatunga"	"D2301170888"	80.8	"Tragelaphus"	"spekei"	NA	"2142"	NA	"99-02-??"	NA	"John Mason"	"F"	NA	"Ghana"	NA	"Box5"	"TspeGha_0888"
"CAM II 271"	"sitatunga"	"D2301171011"	79.82	"Tragelaphus"	"spekei"	NA	NA	NA	NA	NA	NA	NA	NA	"Cameroon"	"Lelo/Batouri District"	"Box7"	"TspeCam_1011"
"FC109"	"sitatunga"	"D2301171012"	109.18	"Tragelaphus"	"spekei"	NA	NA	NA	NA	NA	NA	NA	NA	"Congo-Brazzaville"	"M'Boko/Kouyou District"	"Box7"	"TspeCon_1012"
"M196"	"sitatunga"	"D2301171013"	100.7	"Tragelaphus"	"spekei"	NA	NA	NA	NA	NA	NA	NA	NA	"Cameroon"	"Kanyol/Batouri District"	"Box7"	"TspeCam_1013"
"M207"	"sitatunga"	"D2301171014"	90.38	"Tragelaphus"	"spekei"	NA	NA	NA	NA	NA	NA	NA	NA	"Cameroon"	"Bertoua District"	"Box7"	"TspeCam_1014"
"M447"	"sitatunga"	"D2301171015"	93.9	"Tragelaphus"	"spekei"	NA	NA	NA	NA	NA	NA	NA	NA	"Cameroon"	"Lomie District"	"Box7"	"TspeCam_1015"
"M478"	"sitatunga"	"D2301171016"	116.92	"Tragelaphus"	"spekei"	NA	NA	NA	NA	NA	NA	NA	NA	"Cameroon"	"Lelo/Batouri District"	"Box7"	"TspeCam_1016"
"M73"	"sitatunga"	"D2301171017"	57.26	"Tragelaphus"	"spekei"	NA	NA	NA	NA	NA	NA	NA	NA	"Cameroon"	"Arma/Batouri District"	"Box7"	"TspeCam_1017"
"M831"	"sitatunga"	"D2301171018"	106.94	"Tragelaphus"	"spekei"	NA	NA	NA	NA	NA	NA	NA	NA	"Cameroon"	"Obala/Batouri District"	"Box7"	"TspeCam_1018"
"M915"	"sitatunga"	"D2301171019"	113.74	"Tragelaphus"	"spekei"	NA	NA	NA	NA	NA	NA	NA	NA	"Cameroon"	"Obala/Batouri District"	"Box7"	"TspeCam_1019"
"M954"	"sitatunga"	"D2301171020"	123	"Tragelaphus"	"spekei"	NA	NA	NA	NA	NA	NA	NA	NA	"Cameroon"	"Obala/Batouri District"	"Box7"	"TspeCam_1020"
"Mn0 479"	"sitatunga"	"D2301171021"	124.04	"Tragelaphus"	"spekei"	NA	NA	NA	NA	NA	NA	NA	NA	"Cameroon"	"Lelo/Batouri District"	"Box7"	"TspeCam_1021"
"RG10322"	"sitatunga"	"D2301171022"	98.58	"Tragelaphus"	"spekei"	NA	NA	NA	NA	NA	NA	NA	NA	"DRC"	"Mondembe"	"Box7"	"TspeDRC_1022"
"RG20576"	"sitatunga"	"D2301171023"	98.32	"Tragelaphus"	"spekei"	NA	NA	NA	NA	NA	NA	NA	NA	"DRC"	"Kwango, linkeroever wamba super"	"Box7"	"TspeDRC_1023"
"RG21929"	"sitatunga"	"D2301171024"	113.12	"Tragelaphus"	"spekei"	NA	NA	NA	NA	NA	NA	NA	NA	"DRC"	"Ibembo, rechteroever"	"Box7"	"TspeDRC_1024"
"RG23007"	"sitatunga"	"D2301171025"	112.78	"Tragelaphus"	"spekei"	NA	NA	NA	NA	NA	NA	NA	NA	"DRC"	"Lujwigira vallei, buhanga ndara"	"Box7"	"TspeDRC_1025"
